{"stat.useItem.minecraft.string":4,"stat.useItem.minecraft.bow":32,"stat.useItem.minecraft.end_bricks":1,"stat.drop.minecraft.waterlily":12,"stat.useItem.minecraft.quartz_block":148,"stat.leaveGame":18,"stat.drop.minecraft.enchanted_book":3,"stat.useItem.minecraft.planks":88,"stat.pickup.minecraft.glass":2,"stat.useItem.minecraft.water_bucket":105,"stat.useItem.minecraft.sandstone_stairs":158,"stat.useItem.minecraft.vine":38,"stat.drop.minecraft.brick_block":64,"stat.useItem.minecraft.birch_boat":2,"stat.drop.minecraft.elytra":2,"stat.aviateOneCm":1038361,"stat.useItem.minecraft.anvil":1,"stat.useItem.minecraft.brown_mushroom":7,"stat.drop.minecraft.sand":129,"stat.pickup.minecraft.stained_hardened_clay":320,"stat.pickup.minecraft.firework_charge":65,"stat.useItem.minecraft.oak_stairs":9,"stat.drop.minecraft.gravel":64,"stat.furnaceInteraction":5,"stat.useItem.minecraft.pumpkin_seeds":1,"stat.drop.minecraft.stone_slab":1,"stat.pickup.minecraft.sponge":4,"stat.useItem.minecraft.double_plant":62,"stat.pickup.minecraft.furnace":2,"stat.useItem.minecraft.redstone":23,"stat.drop.minecraft.stained_hardened_clay":320,"achievement.mineWood":1,"stat.useItem.minecraft.trapdoor":5,"stat.drop.minecraft.magma":1,"stat.useItem.minecraft.fence":233,"stat.useItem.minecraft.stone_stairs":12,"stat.drop.minecraft.furnace":1,"stat.useItem.minecraft.acacia_fence":8,"stat.useItem.minecraft.ice":186,"achievement.openInventory":903,"stat.useItem.minecraft.flint_and_steel":1,"stat.useItem.minecraft.wheat_seeds":10,"stat.useItem.minecraft.dye":185,"stat.deaths":25,"stat.playOneMinute":1158370,"stat.useItem.minecraft.jungle_stairs":14,"stat.useItem.minecraft.nether_brick":32,"stat.chestOpened":9,"stat.pickup.minecraft.pumpkin":2,"stat.pickup.minecraft.red_glazed_terracotta":64,"stat.useItem.minecraft.stone":4230,"stat.useItem.minecraft.jungle_fence":62,"stat.pickup.minecraft.arrow":1,"stat.pickup.minecraft.waterlily":6,"stat.useItem.minecraft.sponge":3,"stat.useItem.minecraft.acacia_fence_gate":1,"stat.pickup.minecraft.lapis_ore":2,"stat.useItem.minecraft.white_shulker_box":8,"stat.useItem.minecraft.packed_ice":792,"stat.fallOneCm":123648,"stat.drop.minecraft.stone":769,"stat.crouchOneCm":140645,"stat.drop.minecraft.gold_ore":19,"stat.craftingTableInteraction":3,"stat.drop.minecraft.concrete_powder":192,"stat.useItem.minecraft.furnace":8,"stat.drop.minecraft.concrete":704,"stat.pickup.minecraft.planks":64,"stat.useItem.minecraft.yellow_shulker_box":26,"stat.useItem.minecraft.enchanting_table":3,"stat.useItem.minecraft.orange_shulker_box":2,"stat.drop.minecraft.carpet":1,"stat.useItem.minecraft.wool":257,"stat.flowerPotted":5,"stat.useItem.minecraft.iron_bars":24,"stat.useItem.minecraft.bone_block":124,"stat.useItem.minecraft.torch":92,"stat.useItem.minecraft.log":317,"stat.pickup.minecraft.crafting_table":1,"stat.useItem.minecraft.cobblestone":355,"stat.useItem.minecraft.gravel":69,"stat.minecartOneCm":4327,"stat.pickup.minecraft.brown_glazed_terracotta":64,"stat.pickup.minecraft.log":1,"stat.drop.minecraft.stonebrick":64,"stat.useItem.minecraft.yellow_flower":4,"stat.drop.minecraft.sapling":65,"stat.pickup.minecraft.sapling":129,"stat.useItem.minecraft.tallgrass":30,"stat.useItem.minecraft.fireworks":11,"stat.useItem.minecraft.glass_pane":16,"stat.useItem.minecraft.wooden_pressure_plate":1,"stat.useItem.minecraft.stonebrick":245,"stat.pickup.minecraft.orange_glazed_terracotta":64,"stat.sneakTime":55092,"stat.useItem.minecraft.web":22,"stat.drop.minecraft.pumpkin":1,"stat.drop.minecraft.lapis_ore":2,"stat.pickup.minecraft.bookshelf":2,"stat.useItem.minecraft.orange_glazed_terracotta":6,"stat.useItem.minecraft.repeater":3,"stat.useItem.minecraft.log2":17,"stat.useItem.minecraft.skull":17,"stat.useItem.minecraft.diamond_sword":51,"stat.pickup.minecraft.purple_glazed_terracotta":64,"stat.swimOneCm":58829,"stat.useItem.minecraft.snow":31,"stat.useItem.minecraft.concrete_powder":28,"stat.climbOneCm":40218,"stat.pickup.minecraft.enchanted_book":3,"stat.useItem.minecraft.end_rod":3,"stat.drop.minecraft.cobblestone":64,"stat.useItem.minecraft.coal_block":83,"stat.useItem.minecraft.dirt":2682,"stat.pickup.minecraft.bow":63,"achievement.exploreAllBiomes":{"value":0,"progress":["Plains"]},"stat.pickup.minecraft.white_glazed_terracotta":64,"stat.useItem.minecraft.red_flower":29,"stat.useItem.minecraft.white_glazed_terracotta":8,"stat.pickup.minecraft.enchanting_table":1,"stat.useItem.minecraft.brick_block":76,"stat.flyOneCm":8338261,"stat.useItem.minecraft.red_mushroom":3,"stat.timeSinceDeath":64964,"stat.useItem.minecraft.sign":6,"stat.drop.minecraft.log":65,"stat.useItem.minecraft.wooden_slab":84,"stat.useItem.minecraft.iron_door":43,"stat.useItem.minecraft.lever":5,"stat.pickup.minecraft.light_blue_glazed_terracotta":128,"stat.drop.minecraft.firework_charge":65,"stat.drop.minecraft.dirt":64,"stat.pickup.minecraft.carpet":2,"stat.useItem.minecraft.armor_stand":2,"stat.useItem.minecraft.sea_lantern":3,"stat.useItem.minecraft.spruce_fence":46,"stat.sprintOneCm":936025,"stat.pickup.minecraft.paper":62,"stat.useItem.minecraft.hay_block":1,"stat.useItem.minecraft.stone_slab":508,"stat.useItem.minecraft.bed":7,"stat.pickup.minecraft.lime_glazed_terracotta":64,"stat.useItem.minecraft.stone_pressure_plate":2,"stat.drop.minecraft.lava_bucket":1,"stat.drop":89,"stat.useItem.minecraft.ladder":90,"stat.useItem.minecraft.light_blue_glazed_terracotta":6,"stat.diveOneCm":6342,"stat.useItem.minecraft.sticky_piston":5,"stat.useItem.minecraft.quartz_stairs":1,"stat.pickup.minecraft.gravel":64,"stat.drop.minecraft.bookshelf":2,"stat.drop.minecraft.ladder":1,"stat.useItem.minecraft.waterlily":6,"stat.useItem.minecraft.carpet":39,"stat.pickup.minecraft.diamond_sword":3,"stat.drop.minecraft.sponge":4,"stat.useItem.minecraft.flower_pot":10,"stat.jump":7261,"stat.useItem.minecraft.sand":586,"stat.useItem.minecraft.iron_trapdoor":13,"stat.useItem.minecraft.wooden_hoe":15,"stat.drop.minecraft.diamond_sword":2,"stat.useItem.minecraft.stone_button":5,"stat.drop.minecraft.glass":2,"stat.useItem.minecraft.glass":6,"stat.drop.minecraft.enchanting_table":1,"stat.useItem.minecraft.sapling":31,"stat.pickup.minecraft.gold_ore":19,"stat.pickup.minecraft.leaves":128,"stat.damageTaken":68985,"stat.useItem.minecraft.red_shulker_box":2,"stat.useItem.minecraft.slime":44,"stat.pickup.minecraft.concrete":704,"stat.useItem.minecraft.birch_fence":50,"stat.useItem.minecraft.magma":41,"stat.pickup.minecraft.diamond_axe":3,"stat.damageDealt":3353,"stat.useItem.minecraft.snow_layer":1649,"stat.useItem.minecraft.crafting_table":13,"stat.useItem.minecraft.command_block":5,"stat.walkOneCm":662862,"stat.playerKills":4,"stat.useItem.minecraft.chest":5,"stat.useItem.minecraft.pumpkin":5,"stat.useItem.minecraft.tnt":4,"stat.useItem.minecraft.lava_bucket":169,"stat.drop.minecraft.diamond_axe":2,"stat.pickup.minecraft.pink_glazed_terracotta":128,"stat.useItem.minecraft.redstone_block":4,"stat.pickup.minecraft.stone":64,"stat.shulkerBoxOpened":12,"stat.pickup.minecraft.silver_glazed_terracotta":64,"stat.useItem.minecraft.stained_hardened_clay":449,"stat.useItem.minecraft.leaves":730,"stat.useItem.minecraft.concrete":620,"stat.drop.minecraft.crafting_table":1,"stat.pickup.minecraft.concrete_powder":192,"stat.pickup.minecraft.yellow_glazed_terracotta":64,"stat.mobKills":3,"stat.pickup.minecraft.blue_glazed_terracotta":64,"stat.useItem.minecraft.cobblestone_wall":37,"stat.pickup.minecraft.torch":3,"stat.pickup.minecraft.elytra":2,"stat.useItem.minecraft.sandstone":398}