{"stat.chestOpened":7,"stat.useItem.minecraft.stone":63,"stat.leaveGame":9,"stat.useItem.minecraft.diamond_axe":3,"stat.useItem.minecraft.soul_sand":6,"stat.useItem.minecraft.diamond_sword":59,"stat.pickup.minecraft.diamond_sword":2,"stat.jump":3981,"stat.swimOneCm":26920,"stat.fallOneCm":188799,"stat.climbOneCm":19210,"stat.useItem.minecraft.stone_axe":31,"stat.crouchOneCm":172985,"stat.useItem.minecraft.dirt":7,"achievement.exploreAllBiomes":{"value":0,"progress":["Plains"]},"stat.useItem.minecraft.diamond_hoe":1,"stat.pickup.minecraft.hardened_clay":64,"stat.damageTaken":19317,"stat.aviateOneCm":492483,"stat.flyOneCm":2072081,"stat.damageDealt":7927,"stat.timeSinceDeath":182086,"stat.pickup.minecraft.stained_hardened_clay":384,"stat.walkOneCm":382766,"stat.useItem.minecraft.torch":1,"stat.pickup.minecraft.firework_charge":64,"stat.playerKills":11,"stat.useItem.minecraft.hardened_clay":19,"stat.furnaceInteraction":6,"stat.useItem.minecraft.pumpkin_seeds":2,"stat.minecartOneCm":8435,"stat.useItem.minecraft.stained_hardened_clay":84,"stat.sprintOneCm":715583,"stat.useItem.minecraft.fireworks":28,"stat.useItem.minecraft.concrete":252,"stat.useItem.minecraft.netherrack":1,"achievement.openInventory":33,"stat.useItem.minecraft.dye":21,"stat.deaths":34,"stat.playOneMinute":285815,"stat.useItem.minecraft.ladder":1,"stat.sneakTime":51510,"stat.mineBlock.minecraft.tallgrass":1,"stat.diveOneCm":24163}