{"stat.flyOneCm":191842,"stat.deaths":4,"stat.walkOneCm":93935,"stat.jump":1038,"stat.swimOneCm":5219,"stat.playOneMinute":33922,"stat.fallOneCm":56293,"achievement.openInventory":3,"stat.climbOneCm":3533,"stat.leaveGame":1,"stat.sneakTime":4237,"stat.damageTaken":1880,"stat.damageDealt":6,"stat.crouchOneCm":14216,"stat.timeSinceDeath":1822,"stat.sprintOneCm":143701,"stat.mineBlock.minecraft.wooden_slab":2,"achievement.exploreAllBiomes":{"value":0,"progress":["Plains"]},"stat.mineBlock.minecraft.tallgrass":4,"stat.minecartOneCm":11990}