{"stat.beaconInteraction":7,"stat.useItem.minecraft.bow":133,"stat.useItem.minecraft.end_bricks":131,"stat.drop.minecraft.waterlily":6,"stat.useItem.minecraft.chain_command_block":148,"stat.useItem.minecraft.painting":6,"stat.useItem.minecraft.quartz_block":147,"stat.pickup.minecraft.wooden_slab":1,"stat.leaveGame":88,"stat.useItem.minecraft.bookshelf":38,"stat.useItem.minecraft.soul_sand":30,"stat.useItem.minecraft.repeating_command_block":66,"stat.pickup.minecraft.lapis_block":64,"stat.useItem.minecraft.glowstone":26,"stat.drop.minecraft.red_nether_brick":1,"stat.useItem.minecraft.planks":238,"stat.useItem.minecraft.nether_brick_stairs":54,"stat.useItem.minecraft.fire_charge":47,"stat.pickup.minecraft.glass":64,"stat.useItem.minecraft.water_bucket":915,"stat.drop.minecraft.redstone_torch":1,"stat.useItem.minecraft.diamond_hoe":60,"stat.pickup.minecraft.sand":194,"stat.useItem.minecraft.sandstone_stairs":9,"stat.useItem.minecraft.vine":225,"stat.useItem.minecraft.red_nether_brick":83,"stat.pickup.minecraft.cobblestone_wall":4,"stat.useItem.minecraft.purpur_stairs":5,"stat.drop.minecraft.hardened_clay":64,"stat.useItem.minecraft.rail":219,"stat.drop.minecraft.elytra":4,"stat.aviateOneCm":3590424,"stat.drop.minecraft.jukebox":1,"stat.useItem.minecraft.brown_mushroom":23,"stat.pickup.minecraft.brown_mushroom":1,"stat.drop.minecraft.sand":129,"stat.useItem.minecraft.fence_gate":1,"stat.pickup.minecraft.stained_hardened_clay":5,"stat.useItem.minecraft.spawn_egg":1,"stat.useItem.minecraft.iron_shovel":119,"stat.useItem.minecraft.hardened_clay":187,"stat.useItem.minecraft.oak_stairs":62,"stat.useItem.minecraft.nether_wart":30,"stat.furnaceInteraction":55,"stat.drop.minecraft.gravel":192,"stat.useItem.minecraft.pumpkin_seeds":35,"stat.useItem.minecraft.command_block_minecart":17,"stat.drop.minecraft.hay_block":1,"stat.drop.minecraft.farmland":1,"stat.drop.minecraft.stone_slab":1,"stat.pickup.minecraft.sponge":64,"stat.useItem.minecraft.end_stone":943,"stat.pickup.minecraft.filled_map":98,"stat.useItem.minecraft.minecart":1,"stat.pickup.minecraft.furnace":4,"stat.useItem.minecraft.redstone":40,"stat.drop.minecraft.stained_hardened_clay":391,"stat.drop.minecraft.cactus":1,"stat.useItem.minecraft.red_sandstone":34,"stat.pickup.minecraft.hay_block":1,"stat.useItem.minecraft.trapdoor":6,"stat.drop.minecraft.magma":1,"stat.useItem.minecraft.stained_glass":5,"stat.useItem.minecraft.fence":163,"stat.useItem.minecraft.stone_stairs":204,"stat.drop.minecraft.furnace":5,"stat.useItem.minecraft.dark_oak_door":1,"stat.useItem.minecraft.acacia_fence":40,"stat.useItem.minecraft.ice":10,"stat.useItem.minecraft.wheat_seeds":137,"stat.drop.minecraft.fireworks":30,"stat.useItem.minecraft.dye":1284,"stat.breakItem.minecraft.diamond_boots":1,"stat.drop.minecraft.lime_glazed_terracotta":64,"stat.deaths":52,"stat.playOneMinute":3465308,"stat.useItem.minecraft.nether_brick":308,"stat.pickup.minecraft.sea_lantern":3,"stat.drop.minecraft.chest":1,"stat.drop.minecraft.torch":6,"stat.pickup.minecraft.dispenser":2,"stat.useItem.minecraft.jukebox":2,"stat.chestOpened":45,"stat.pickup.minecraft.pumpkin":1,"stat.useItem.minecraft.stone":8804,"stat.useItem.minecraft.jungle_fence":31,"stat.useItem.minecraft.sponge":160,"stat.pickup.minecraft.waterlily":12,"stat.pickup.minecraft.farmland":1,"stat.useItem.minecraft.packed_ice":211,"stat.useItem.minecraft.quartz_ore":14,"stat.fallOneCm":293363,"stat.drop.minecraft.stone":167,"stat.crouchOneCm":97099,"stat.drop.minecraft.gold_ore":484,"stat.useItem.minecraft.nether_brick_fence":91,"stat.pickup.minecraft.red_mushroom":1,"stat.useItem.minecraft.iron_hoe":3,"stat.useItem.minecraft.emerald_ore":18,"stat.craftingTableInteraction":7,"stat.useItem.minecraft.golden_rail":22,"stat.useItem.minecraft.dark_oak_fence":20,"stat.useItem.minecraft.reeds":86,"stat.useItem.minecraft.furnace":43,"stat.drop.minecraft.concrete":1,"stat.pickup.minecraft.planks":192,"stat.pickup.minecraft.wheat_seeds":1,"stat.useItem.minecraft.lime_glazed_terracotta":1,"stat.drop.minecraft.carpet":3,"stat.useItem.minecraft.wool":304,"stat.useItem.minecraft.iron_bars":6,"stat.useItem.minecraft.bone_block":21,"stat.drop.minecraft.paper":62,"stat.useItem.minecraft.torch":172,"stat.useItem.minecraft.log":706,"stat.pickup.minecraft.crafting_table":2,"stat.useItem.minecraft.cobblestone":78,"stat.pickup.minecraft.magma":2,"stat.useItem.minecraft.gravel":174,"stat.minecartOneCm":4517,"stat.pickup.minecraft.log":385,"stat.useItem.minecraft.nether_wart_block":20,"stat.drop.minecraft.sign":2,"stat.drop.minecraft.iron_ore":192,"stat.drop.minecraft.planks":256,"stat.drop.minecraft.sapling":1712,"stat.drop.minecraft.lapis_block":64,"stat.pickup.minecraft.sapling":1587,"stat.useItem.minecraft.tallgrass":161,"stat.useItem.minecraft.fireworks":335,"stat.useItem.minecraft.glass_pane":10,"stat.useItem.minecraft.deadbush":17,"stat.drop.minecraft.bow":63,"stat.useItem.minecraft.wooden_pressure_plate":1,"stat.useItem.minecraft.stonebrick":145,"stat.useItem.minecraft.wooden_door":2,"stat.useItem.minecraft.grass_path":140,"stat.useItem.minecraft.spruce_door":4,"stat.useItem.minecraft.beetroot_seeds":8,"stat.pickup.minecraft.red_nether_brick":1,"stat.sneakTime":86451,"stat.pickup.minecraft.wool":1,"stat.drop.minecraft.sea_lantern":1,"stat.pickup.minecraft.stone_slab":2,"stat.drop.minecraft.grass":2,"stat.pickup.minecraft.chest":1,"stat.useItem.minecraft.web":8,"stat.drop.minecraft.pumpkin":2,"stat.pickup.minecraft.redstone_torch":1,"stat.useItem.minecraft.orange_glazed_terracotta":1,"stat.useItem.minecraft.repeater":8,"stat.useItem.minecraft.log2":72,"stat.useItem.minecraft.beacon":2,"stat.drop.minecraft.red_mushroom":1,"stat.useItem.minecraft.skull":35,"stat.useItem.minecraft.diamond_sword":136,"stat.useItem.minecraft.silver_glazed_terracotta":1,"stat.swimOneCm":144032,"stat.useItem.minecraft.snow":11,"stat.useItem.minecraft.concrete_powder":1,"stat.climbOneCm":111424,"stat.useItem.minecraft.end_rod":18,"stat.useItem.minecraft.chorus_flower":31,"stat.useItem.minecraft.coal_block":101,"stat.drop.minecraft.brown_mushroom":1,"stat.useItem.minecraft.redstone_torch":5,"stat.useItem.minecraft.obsidian":28,"stat.useItem.minecraft.dirt":4777,"stat.useItem.minecraft.stone_slab2":148,"stat.useItem.minecraft.red_flower":5,"stat.useItem.minecraft.white_glazed_terracotta":9,"stat.useItem.minecraft.leaves2":32,"stat.useItem.minecraft.iron_ore":10,"stat.useItem.minecraft.detector_rail":3,"stat.pickup.minecraft.cobblestone":684,"stat.useItem.minecraft.yellow_glazed_terracotta":1,"stat.useItem.minecraft.brick_block":116,"stat.flyOneCm":21379467,"stat.useItem.minecraft.red_mushroom":13,"stat.drop.minecraft.light_blue_glazed_terracotta":128,"stat.drop.minecraft.wheat_seeds":1,"stat.timeSinceDeath":39753,"stat.useItem.minecraft.sign":110,"stat.drop.minecraft.log":321,"stat.useItem.minecraft.melon_block":20,"stat.useItem.minecraft.wooden_slab":154,"stat.useItem.minecraft.iron_door":4,"stat.useItem.minecraft.noteblock":10,"stat.useItem.minecraft.lever":2,"stat.pickup.minecraft.stonebrick":64,"stat.drop.minecraft.firework_charge":64,"stat.drop.minecraft.dirt":260,"stat.pickup.minecraft.carpet":2,"stat.drop.minecraft.wool":1,"stat.useItem.minecraft.armor_stand":6,"stat.useItem.minecraft.purpur_pillar":28,"stat.drop.minecraft.orange_glazed_terracotta":64,"stat.useItem.minecraft.sea_lantern":58,"stat.drop.minecraft.yellow_glazed_terracotta":64,"stat.useItem.minecraft.spruce_fence":5,"stat.sprintOneCm":2936188,"stat.useItem.minecraft.diamond_block":181,"stat.useItem.minecraft.hay_block":93,"stat.breakItem.minecraft.diamond_helmet":1,"stat.useItem.minecraft.stone_slab":519,"stat.useItem.minecraft.bed":25,"stat.pickup.minecraft.fireworks":30,"stat.pickup.minecraft.grass":1,"stat.useItem.minecraft.magenta_glazed_terracotta":1,"stat.useItem.minecraft.stone_pressure_plate":7,"stat.useItem.minecraft.structure_block":32,"stat.drop.minecraft.leaves":321,"stat.useItem.minecraft.wooden_shovel":13,"stat.drop.minecraft.lava_bucket":2,"stat.drop.minecraft.dispenser":3,"stat.drop.minecraft.cobblestone_wall":5,"stat.pickup.minecraft.vine":1,"stat.drop":273,"stat.useItem.minecraft.chorus_plant":126,"stat.pickup.minecraft.jukebox":1,"stat.useItem.minecraft.ladder":90,"stat.useItem.minecraft.diamond_ore":12,"stat.useItem.minecraft.purpur_block":2,"stat.useItem.minecraft.melon_seeds":10,"stat.useItem.minecraft.light_blue_glazed_terracotta":1,"stat.diveOneCm":82272,"stat.useItem.minecraft.quartz_stairs":69,"stat.pickup.minecraft.gravel":192,"stat.useItem.minecraft.diamond_axe":16,"stat.pickup.minecraft.stone_axe":3,"stat.useItem.minecraft.waterlily":399,"stat.useItem.minecraft.tnt_minecart":26,"stat.useItem.minecraft.carpet":56,"stat.useItem.minecraft.heavy_weighted_pressure_plate":2,"stat.useItem.minecraft.stained_glass_pane":31,"stat.drop.minecraft.purple_glazed_terracotta":64,"stat.drop.minecraft.sponge":64,"stat.pickup.minecraft.diamond_sword":4,"stat.useItem.minecraft.bedrock":9,"stat.drop.minecraft.sandstone":1,"stat.jump":21844,"stat.useItem.minecraft.sand":1893,"stat.useItem.minecraft.iron_trapdoor":11,"stat.useItem.minecraft.wooden_hoe":94,"stat.useItem.minecraft.stone_axe":53,"stat.drop.minecraft.diamond_sword":7,"stat.useItem.minecraft.stone_button":22,"stat.useItem.minecraft.coal_ore":86,"stat.pickup.minecraft.dirt":322,"stat.useItem.minecraft.light_weighted_pressure_plate":48,"stat.drop.minecraft.bed":1,"stat.drop.minecraft.glass":64,"stat.pickup.minecraft.iron_ore":192,"stat.useItem.minecraft.dispenser":1,"stat.useItem.minecraft.sapling":169,"stat.pickup.minecraft.gold_ore":420,"stat.pickup.minecraft.red_sandstone":1,"stat.pickup.minecraft.leaves":193,"stat.damageTaken":45346,"stat.useItem.minecraft.stone_brick_stairs":8,"stat.useItem.minecraft.gold_block":258,"stat.drop.minecraft.water_bucket":1,"stat.useItem.minecraft.acacia_door":1,"stat.noteblockTuned":31,"stat.drop.minecraft.red_sandstone":1,"stat.useItem.minecraft.slime":116,"stat.pickup.minecraft.bed":1,"stat.pickup.minecraft.concrete":1,"stat.useItem.minecraft.birch_fence":1,"stat.useItem.minecraft.magma":92,"stat.killEntity.Shulker":1,"stat.damageDealt":21147,"stat.drop.minecraft.red_glazed_terracotta":64,"stat.useItem.minecraft.snow_layer":908,"stat.useItem.minecraft.pink_glazed_terracotta":1,"stat.useItem.minecraft.crafting_table":23,"stat.useItem.minecraft.command_block":251,"stat.walkOneCm":3859179,"stat.playerKills":48,"stat.useItem.minecraft.chest":38,"stat.useItem.minecraft.pumpkin":115,"stat.useItem.minecraft.tnt":86,"stat.drop.minecraft.vine":1,"stat.drop.minecraft.silver_glazed_terracotta":64,"stat.useItem.minecraft.emerald_block":52,"stat.useItem.minecraft.lava_bucket":380,"stat.useItem.minecraft.gold_ore":104,"stat.drop.minecraft.diamond_axe":1,"stat.useItem.minecraft.redstone_block":100,"stat.useItem.minecraft.item_frame":29,"stat.drop.minecraft.pink_glazed_terracotta":128,"stat.pickup.minecraft.stone":869,"stat.shulkerBoxOpened":3,"stat.useItem.minecraft.stained_hardened_clay":2159,"stat.drop.minecraft.white_glazed_terracotta":64,"stat.useItem.minecraft.leaves":2562,"stat.drop.minecraft.wooden_slab":1,"stat.useItem.minecraft.redstone_ore":20,"stat.useItem.minecraft.cactus":19,"stat.pickup.minecraft.ladder":2,"stat.useItem.minecraft.concrete":179,"stat.useItem.minecraft.netherrack":670,"stat.useItem.minecraft.prismarine":244,"stat.drop.minecraft.brown_glazed_terracotta":64,"stat.drop.minecraft.crafting_table":2,"stat.useItem.minecraft.iron_block":100,"stat.mobKills":5,"stat.pickup.minecraft.water_bucket":1,"stat.useItem.minecraft.cobblestone_wall":71,"stat.pickup.minecraft.torch":1,"stat.pickup.minecraft.lava_bucket":2,"stat.pickup.minecraft.elytra":4,"stat.drop.minecraft.stone_axe":2,"stat.useItem.minecraft.purpur_slab":22,"stat.drop.minecraft.blue_glazed_terracotta":64,"stat.useItem.minecraft.sandstone":156}